tissue,pval,qval,phase,period,amp,base
AOR,0.0001067754154067,0.027112614165415487,23.9411574348442,24.2767295597484,10.0214103537683,24.2425692127553
VIC,0.0001352596838872,0.0356890563635804,10.1254889342135,21.7818285591981,1.01414605313927,1.53446309393056
PRC,0.0013056517865742,0.027531688637353762,8.62326774504358,21.389435041609,5.44674424240998,8.40877226315841
WAT,0.0019989708156154,0.013238283911210567,0.725445792811521,22.0141833529643,3.09040041570865,3.66738153391374
PVN,0.0021427228255659,0.003808269181908461,0.0888477402780106,25.39088481089,3.24656823511816,4.87572674669538
MUA,0.0022426793844778,0.03998111333373384,1.86010276753708,23.3090909090909,0.482173270824744,0.349468530077022
WAS,0.0036955104355477,0.04837598990351222,0.45965304976581,23.1567569099126,3.67585866198969,5.06781004856641
LIV,0.0383333476992059,0.044205862680388314,3.42332248224397,23.1241147103216,2.34417970905346,3.62666206693501
HIP,0.048615199931348,0.0424365137575637,6.56287628421903,22.5720572057206,0.504389705555945,0.808569631598627
