tissue,mesor,amp,acrophase_zt,acrophase_actual,r2,fdr_sig,pval_meta
AOR,1.0643416219990365,0.5722642630598407,22.0973082310217,04:05,0.8560763488019205,True,1.22600470775502e-07
WAT,5.432849483009569,2.3104019836285863,2.1869665796759588,08:11,0.7751474666564908,True,0.0004175672936659
ARC,0.8530633894505214,0.29243092983056307,2.4772736146280074,08:28,0.5742534404666733,False,
HEA,5.2353404728660795,1.5618951071700444,18.151752556157085,00:09,0.5609589624502929,False,
OMF,3.2042329507758995,4.129286096903734,1.932963482818234,07:55,0.5060781767764305,True,0.0009768832241509
LGP,0.796549974729886,0.23904651184525844,1.6309442005840928,07:37,0.4776791527183393,False,
WAM,3.1985647428792334,1.785001374751346,3.5515736377937714,09:33,0.4756437973638088,False,
LIV,16.39622004777531,7.201335093075032,12.283340558257203,18:17,0.3845098085967895,False,
BOM,0.08783115726954878,0.054011410118145406,22.18276909832514,04:10,0.3747764312969645,False,
MUA,0.07131904200971126,0.06846108520611971,23.717235016118458,05:43,0.34968064235988994,False,
PVN,1.1525997750851198,0.2622186992323273,3.4482060489400843,09:26,0.3453074883200127,False,
KIM,0.2693156952600757,0.2756353346824716,4.770731102788342,10:46,0.3369254604270794,False,
SCN,1.0781925666650811,0.2366496990738671,1.9046527585094601,07:54,0.3295253285491261,False,
THA,0.5914053639869851,0.22280134260583992,2.10776169766902,08:06,0.2971999154636805,False,
ADM,0.16021450143317723,0.0522924060396956,10.81351348577342,16:48,0.28965465636346743,False,
ADC,0.16021450143317723,0.0522924060396956,10.81351348577342,16:48,0.28965465636346743,False,
ILE,0.24533257768534003,0.21098547892970212,2.3114351553659973,08:18,0.27948829015507426,False,
THR,0.4612916147025274,0.31430701534539585,16.23567614493858,22:14,0.2710136300391315,False,
PUT,0.42164059610657484,0.15747127843958325,16.583776206325073,22:35,0.26216182044239145,False,
MUG,0.1131809435197755,0.03605841598934148,19.375634454466493,01:22,0.24475311273891076,False,
OES,0.1488962268574813,0.05942492264362713,1.797586478471808,07:47,0.2244095301475144,False,
PRA,1.175084991852335,0.18501527429377645,8.555169649449512,14:33,0.22296046319304796,False,
PON,1.2770825852295173,0.5307367798050651,3.0189805929269684,09:01,0.2205170778265646,False,
PRC,0.6531340024444622,0.10666059878241219,9.778285550360042,15:46,0.20991139424478455,False,
LH,1.156992999885025,0.4289075428275353,6.751601845908733,12:45,0.19926229234884973,False,
DEC,0.05045799339435969,0.02396677818753486,10.109128522357869,16:06,0.19504197294237724,False,
PAN,0.07253237793779381,0.032177041510034025,8.406665921883327,14:24,0.18597073636768824,False,
VIC,0.6863274683740097,0.11933458720458744,22.934537417132113,04:56,0.1835267641288445,False,
HAB,0.7643334670806793,0.17107786054493063,2.7066625028014464,08:42,0.18045204352272426,False,
KIC,0.38426204119977453,0.1680083056404935,3.1270538158764305,09:07,0.17899875526442643,False,
MGP,0.9590379300575446,0.13072594978769592,1.4204137391711547,07:25,0.17738127605652065,False,
CER,0.5229885574238488,0.08175765165068512,0.9664223964590049,06:57,0.17374311954589539,False,
PRE,0.527528453223384,0.13669972614907006,8.977707367268746,14:58,0.14155610134620078,False,
AMY,0.6550252906695474,0.352627358189172,6.883886403613286,12:53,0.13166304743647217,False,
WAR,4.090607571444067,1.2601922141549642,9.566045736317886,15:33,0.1310559749302499,False,
SMM,0.12868435557114355,0.046941524923970385,18.716214592744045,00:42,0.13031783670036456,False,
VMH,0.7809339278194839,0.15849655988025596,0.6307260581127696,06:37,0.12316652994510402,False,
WAP,2.045916495976558,1.4125381932020047,23.824270687069287,05:49,0.1166521542724146,False,
SPL,1.632985411922156,0.17403858943079575,20.470061671178975,02:28,0.09588429155348199,False,
CEC,0.3111591909217537,0.03949160592645807,7.333064293353891,13:19,0.09489911897251646,False,
RET,0.20727582973439396,0.03174085132819744,10.598548489444424,16:35,0.09145953000573437,False,
BLA,0.13094925279391473,0.030043251240617474,6.30142026756114,12:18,0.08889328261675522,False,
DMH,0.9070572715120266,0.1208571269149626,10.811956574597428,16:48,0.08728737656790098,False,
OLB,5.101472826037136,0.7821776404172653,11.6014768836021,17:36,0.08298266755321482,False,
STF,0.1590935991808483,0.026116511825160543,11.221827950501037,17:13,0.0733895399622112,False,
PIT,0.8551034927140393,0.4238551384143216,20.786278070805835,02:47,0.06689253096413572,False,
WAS,5.487524949127866,1.0644501365901509,0.2535658953252974,06:15,0.06341290076058614,False,
DUO,0.06953758826029155,0.017977361848631496,18.82594291806947,00:49,0.06322531198961479,False,
SUN,0.7609297699691587,0.0714273296862292,17.91357726276916,23:54,0.06047887441719313,False,
ONH,0.8746337628563523,0.07876456812263667,21.715961809993768,03:42,0.058289936465633074,False,
ANT,0.25957333646931074,0.0331743968441776,3.1862739352359397,09:11,0.05261262387503873,False,
LUN,0.7693618586072252,0.051968257053909665,5.99454972205008,11:59,0.04161825576235534,False,
MEL,0.5124867655762775,0.05949579999611647,1.9477348058722974,07:56,0.04027659964897512,False,
MMB,0.6862030065173107,0.04500108427658815,21.37438101371168,03:22,0.03764085655739702,False,
SKI,2.2999273621579444,0.219168314234357,6.806561670143828,12:48,0.02956357021985867,False,
SON,0.7679193189768592,0.15758772156604983,7.519819429849903,13:31,0.023079978641295962,False,
PRO,3.045203783742326,0.2704094936115121,21.247459638397157,03:14,0.015568247103829203,False,
ASC,0.08188194370623962,0.010579102250881904,15.009648137670686,21:00,0.015307882286318852,False,
HIP,1.888495667856321,0.09660392808053994,0.0558179889498099,06:03,0.011155358125985004,False,
TES,0.10772250177115733,0.0072820633586994695,6.778860774498318,12:46,0.009842955620717686,False,
PIN,0.2673056397669927,0.011231796710057479,7.631491028188533,13:37,0.004854091745883138,False,
AXL,0.5405896444912602,0.011105914277131151,11.709221678591563,17:42,0.0012052054839796211,False,
