tissue,mesor,amp,acrophase,r2,fdr_sig,amp_mean,amp_lo,amp_hi,acr_mean,acr_lo,acr_hi
AOR,1.0643416219990365,0.5722642630598407,22.0973082310217,0.8560763488019205,True,0.5842812232967733,0.41966454120621344,0.7788030531172958,22.09759158957158,20.84488818763012,23.342297589416237
ARC,0.8530633894505214,0.29243092983056307,2.4772736146280074,0.5742534404666733,False,0.31147199400604325,0.19043334406492657,0.4446372784538571,2.5863507207845124,23.691214398256214,5.079210949676693
BOM,0.08783115726954878,0.054011410118145406,22.18276909832514,0.3747764312969645,False,0.06096160427587818,0.022141318806082187,0.10501810912468933,22.206107373572625,18.562960209770157,1.9601604601317
HEA,5.2353404728660795,1.5618951071700444,18.151752556157085,0.5609589624502929,False,1.5887028051567205,0.6896688802895549,2.636842143592573,18.307316507181977,16.21993640880377,20.860353390245173
KIM,0.2693156952600757,0.2756353346824716,4.770731102788342,0.3369254604270794,False,0.30606398373433213,0.09187183488253091,0.5660155594508491,4.712025814817591,23.851988505498465,8.420855951678961
LGP,0.796549974729886,0.23904651184525844,1.6309442005840928,0.4776791527183393,False,0.25274720275341106,0.11947052172789056,0.3978770573759541,1.6844921071723804,22.58572848006112,4.8925556244673265
LIV,16.39622004777531,7.201335093075032,12.283340558257203,0.3845098085967895,False,7.929745376347672,2.957323666453646,13.668712573066232,12.334405677088128,8.808777237986858,16.551666649840648
MUA,0.07131904200971126,0.06846108520611971,23.717235016118458,0.34968064235988994,False,0.07478899597938297,0.010978313874634443,0.14265030677342344,13.9926519354325,0.4271293237221894,0.24419124376007773
OMF,3.2042329507758995,4.129286096903734,1.932963482818234,0.5060781767764305,True,4.267354166383991,1.2857875732439055,7.428536894395084,2.2279060287163226,23.720029941723144,4.940835989688745
PVN,1.1525997750851198,0.2622186992323273,3.4482060489400843,0.3453074883200127,False,0.29496614882777655,0.10994574091953013,0.5004228183421742,3.636599589217056,23.719534578395262,7.589594093616055
SCN,1.0781925666650811,0.2366496990738671,1.9046527585094601,0.3295253285491261,False,0.27127591183455674,0.0729356444506397,0.5142118134949862,2.1969767518667433,22.85810891871087,7.512708524607395
WAM,3.1985647428792334,1.785001374751346,3.5515736377937714,0.4756437973638088,False,1.943537809737251,1.0549394159345533,2.9880039502303815,3.534192932645881,0.6272612326268271,6.315337939868322
WAT,5.432849483009569,2.3104019836285863,2.1869665796759588,0.7751474666564908,True,2.3470889348140656,1.4438283008819364,3.227482405429816,2.2504051723496272,1.0725837292913751,3.8481689673711528
