Tissue,Gene,ZT00,ZT02,ZT04,ZT06,ZT08,ZT10,ZT12,ZT14,ZT16,ZT18,ZT20,ZT22
ADC,ADRA1A,0.145728808856837,0.0688447320746601,0.11595484477510198,0.24391911819400697,0.14966925986594298,0.170568394254093,0.30672841052183003,0.22642620329128002,0.104361723437848,0.0644862490493682,0.18234074421527802,0.14354552866188097
ADM,ADRA1A,0.145728808856837,0.0688447320746601,0.11595484477510198,0.24391911819400697,0.14966925986594298,0.170568394254093,0.30672841052183003,0.22642620329128002,0.104361723437848,0.0644862490493682,0.18234074421527802,0.14354552866188097
AMY,ADRA1A,0.866322873064913,0.542219397658542,0.3631931197045589,0.404583283433962,2.8851712400845497,0.357620342644186,0.263856401808553,0.4720000557399529,0.380282475015302,0.42282694081265004,0.461780998703823,0.44044635936357296
ANT,ADRA1A,0.165451769984839,0.20919006326747802,0.24448322348994397,0.40342299656850106,0.195924859543399,0.346977468027323,0.24944292207899,0.136663068806745,0.25426444515729396,0.154673365048352,0.259745162207953,0.49464069345091
AOR,ADRA1A,1.6564684183657,1.42974643910065,1.07214020707429,0.88059568015172,0.658036396361376,0.423163197618781,0.349412558538498,0.72871011577716,1.16278759456027,1.661227947865,1.47100938233495,1.27880152624004
ARC,ADRA1A,1.17018179549933,1.20674735178763,1.06387380001708,1.25491274772325,0.46575920972873397,0.8091630669473541,0.7414327567598459,0.590748602749944,0.706717129276893,0.6309235518024751,0.522539573013669,1.07376108810005
ASC,ADRA1A,0.106943276112637,0.0716942115804014,0.0249913454080022,0.148567486428096,0.0435564943635414,0.0535963768827606,0.0422684638786826,0.24627190982400599,0.0267434402858951,0.0481781002765375,0.0989353291235803,0.0708368903107352
AXL,ADRA1A,0.7343135778023221,0.390529151875494,0.450200823991136,0.573544698186952,0.219595956200803,1.1217863931327499,0.49895730434760205,0.315089935785713,0.502635617861725,0.664609959657626,0.380682405828553,0.635129909224446
BLA,ADRA1A,0.17094909495260702,0.10140447941760498,0.177069708424891,0.15350351169897303,0.271574610095198,0.0806019131922312,0.0629525798856299,0.0716359610979796,0.24194188405070602,0.080526503025776,0.130750032567033,0.0284807551183466
BOM,ADRA1A,0.0207879577779074,0.12560816194480098,0.18505689821993201,0.0386442494322362,0.0354236017841585,0.0265590242875305,0.0357695952873549,0.0589854004136581,0.051121422108539,0.138822778450693,0.19919185632981895,0.138002941197956
CEC,ADRA1A,0.24587851493504603,0.310412642688563,0.51135043966255,0.285714268420675,0.202804468042155,0.477350607578403,0.253953304148459,0.319536354544453,0.31208609605150106,0.321255394660734,0.21125444850908998,0.28231375181941604
CER,ADRA1A,0.9076302999555892,0.6126938599172851,0.49639889544275606,0.506341464483948,0.422980344030663,0.39456870125326904,0.607548463313985,0.529782753274029,0.46829673533718197,0.440322359925332,0.349609599013729,0.539689213138418
DEC,ADRA1A,0.101414258870485,0.007112061485178241,0.0299354889182214,0.0650772168098159,0.102910970509343,0.0184123806622917,0.112159643492047,0.0765118136741224,0.024319964275654,0.0498370484429654,0.0178050735921922,0.0
DMH,ADRA1A,0.8400853897313242,1.16849492915151,0.800106327685872,1.13789819589557,0.50583771388028,1.2123162983572702,1.14265592758496,0.765761512188572,1.02073093555685,1.31744002143012,0.45456748189480106,0.5187925247871881
DUO,ADRA1A,0.0480706546883893,0.057619303184164,0.0,0.0970971037486966,0.0831249707592177,0.0531982839791116,0.0579084962216981,0.0354801855264901,0.0740064504598169,0.16808440412992,0.0,0.15986120642599402
HAB,ADRA1A,0.5703121647927671,1.03010980860177,1.05771809540034,1.2052799089233501,0.6622433287419179,0.5096585643698179,0.45817417844837705,0.67094687511493,0.9089999506206009,0.37798665456967695,1.19044657421388,0.530125501170721
HEA,ADRA1A,5.36659392438953,5.73638951941168,2.43734850643615,3.83753472061485,3.9111529132564598,4.10757692590519,6.29336932880005,6.1640506112238596,4.57797693202542,8.274880094392831,6.12334954932967,5.99386264860724
HIP,ADRA1A,1.3486208487348401,3.32512100869519,1.73501109158743,2.4192544728062204,1.21844563178849,1.59631907384745,1.4830986559561001,1.7848728872521897,2.62408588526864,2.5219662417616298,1.2014724232683798,1.4036797933092902
ILE,ADRA1A,0.907024115576054,0.018687606589593998,0.8175841255036309,0.22602923276971698,0.210133493956047,0.0774089785134686,0.12498097724179301,0.0671217379337211,0.16422834505310002,0.10174601603139401,0.141821157520758,0.0872251455348023
KIC,ADRA1A,0.331961189235521,1.18311055972027,0.122898837949359,0.5864934110432309,0.34575889563267204,0.405884777847653,0.24767388367988102,0.122728445898996,0.540658138477092,0.132360491958679,0.254065657546697,0.33755020540724395
KIM,ADRA1A,0.728095661479446,0.118117078819722,0.0958602732450308,0.816369054948541,0.9581607344245922,0.0388082299411153,0.0721104087759095,0.0447117155694279,0.0,0.0177231767884333,0.0757846203318918,0.266047388796798
LGP,ADRA1A,1.1745462184502,0.975275444419663,0.952005696220804,0.9757628277290291,0.44593010338970507,0.731018769868083,0.9208597776272571,0.415105392016356,0.671696663741693,0.540990094936871,0.6492307230234781,1.10617798533549
LH,ADRA1A,0.562233393438181,1.21520028108748,0.9635965877271659,3.07985529452842,0.749922762990256,1.11583987268895,1.88751541847131,0.59536402844499,0.7936534078716129,0.6216866577028891,1.22757425903072,1.0714740346383198
LIV,ADRA1A,2.23588870345238,19.0925657566955,11.8380471016324,1.7365147474601998,23.021625602806395,29.413731999084202,28.295519693521104,18.691106235966398,15.852716124280802,15.585065087036199,14.2771096811029,16.7147498402652
LUN,ADRA1A,0.7143033282225122,0.803727545753648,0.610489198804682,0.733833170262019,0.932870579271173,0.771001889296475,1.07260983635848,0.646682102737462,0.5833486173881539,0.458460910515774,0.837300330971802,1.06771479370452
MEL,ADRA1A,0.443628607389931,0.26307060759653306,1.0301296240509599,0.534517621448548,0.23412282995924,0.455802505798193,0.6598373208738879,0.428032432319579,0.483419451299492,0.323070971778594,0.578492261640616,0.715716952759755
MGP,ADRA1A,1.07508825884266,1.13945370761118,0.860463700625677,1.05458224730843,1.3256061046752399,0.5440513478663309,1.00383100453381,0.6322332437988349,0.7786484344272029,1.09226591748976,1.14937916652482,0.852852026986584
MMB,ADRA1A,1.01078902346935,0.490304019928404,0.663794965574418,0.46929618461270206,0.9202297259409741,0.6973120642239771,0.579490417552177,0.495865699992805,0.821996173269509,0.7565231716473929,0.616053083536283,0.712781548459736
MUA,ADRA1A,0.0971874829982454,0.17125374023401402,0.0366239930409644,0.0492878494990499,0.036937387355507,0.0226915411099577,0.0392174908205003,0.0,0.0864850489128969,0.0,0.0201532846488554,0.295990685496544
MUG,ADRA1A,0.0670102152680195,0.0789037995041592,0.0771864170298839,0.0703296007235095,0.0930530528817062,0.113682835099763,0.129383290893527,0.0935928837854755,0.10156872426747199,0.10503440121060699,0.170809686832118,0.257616414741065
OES,ADRA1A,0.37032585898092,0.0558867841281601,0.260482896023022,0.164015286202884,0.13446658657410002,0.091222641563152,0.0934488697814626,0.19089467331326002,0.065022338427913,0.056290215561683,0.157199781150272,0.147498790582947
OLB,ADRA1A,5.47709937554387,6.984294736505491,0.792356770264475,6.06855554891065,5.23872409219861,5.93714622363589,6.150265517316389,8.304512865388629,3.4517248578603197,3.1175268312984104,5.89246734770436,3.80299974581852
OMF,ADRA1A,13.769426960530698,9.96270198771391,4.12734797451035,2.8936192944354,2.3003446807293,1.8546362526467202,0.289826444384945,0.617123389910437,0.6333186150616489,0.345056121967666,0.8978648638048109,0.7595288236149069
ONH,ADRA1A,1.05302220117893,0.937879414755796,0.699154033768357,0.999661564026192,0.46495058125387495,0.710330472734398,1.3479886497342102,0.822761051041359,0.647239864776647,0.842880952142522,0.814974722934549,1.15476164592939
PAN,ADRA1A,0.120255734531373,0.0498949902615343,0.11176597977449901,0.0612033727229767,0.125728323386113,0.0571169486028155,0.165117651138148,0.0,0.11130811134305198,0.067997423493014,0.0,0.0
PIN,ADRA1A,0.261071415642457,0.32721947790260697,0.122785941880466,0.37075902082732104,0.15669121320509,0.303134841479611,0.31177908926861997,0.405810015710883,0.213995529164086,0.129798211174763,0.126476960746506,0.478145960201502
PIT,ADRA1A,0.0420417218123491,1.23571160500875,1.8399369064590299,0.0919035810554716,0.016418884412564,0.681301536705035,0.0446322441774516,0.0423214628147494,3.6578691494117,0.0760171419840372,0.0616010282472538,2.47148665048008
PON,ADRA1A,1.3476002840933898,0.967163773157182,3.83609232558002,1.37486657860378,0.632912509438171,0.965428606227625,1.0297627689939601,0.8114415826905771,0.9165384184285891,1.29449715071246,1.03883718542217,1.1098498394062801
PRA,ADRA1A,1.08790413141439,0.610430952966327,1.08884810893254,1.69189297436813,1.39927914469709,1.45187631399929,1.28805521409922,1.07788190455933,0.873907314813854,0.9454658581777919,1.29229676885507,1.29318121534498
PRC,ADRA1A,0.55542622367062,0.7119286231076429,0.5516244271425711,0.8136824091532959,0.624008855581371,0.6908566255381561,0.7302505097871941,1.05659218981737,0.43753716907580303,0.571414599855868,0.425753143410401,0.6685332531932529
PRE,ADRA1A,0.44209652036540203,0.558450569298794,0.134223869415443,0.7399944826425341,0.604754483132424,1.22689981853672,0.37248561243039296,0.3444236820092019,0.4269699814095251,0.531966736141415,0.386087144258558,0.561988539040197
PRO,ADRA1A,4.36674823343522,3.04059630954554,1.10182952216901,4.2502358719166295,3.4465213033546003,2.9802747467418302,1.8038138471109502,1.60795467137156,4.329053450868311,5.69462738325589,0.16982422919468101,3.75096583594369
PUT,ADRA1A,0.489857045674856,0.337937677178975,0.20511811519067,0.266136227225511,0.323666893549085,0.570320424191789,0.372924828189106,0.39359375122528395,0.47670685889682396,1.05997166054613,0.293688437760972,0.269765233649694
PVN,ADRA1A,1.84944610078315,1.4059510446093602,1.01777251945326,1.7178315639975898,1.06324994038967,1.10438146024714,0.961455759015259,0.974057161354223,0.9682985094985358,1.0703211955407,0.8059225167578471,0.8925095293746992
RET,ADRA1A,0.258292207694083,0.150846691684173,0.20242671120272604,0.255519876846656,0.3005139713313,0.126457951430753,0.18070535937971802,0.340216741196253,0.180827401488856,0.216063791735809,0.22108223080244002,0.0543570220199599
SCN,ADRA1A,1.69605163186494,1.40023662886168,1.03703276498449,1.17586094734871,0.884288590491323,1.15368608414521,1.15215985597247,0.598400523023244,0.8768425434873391,0.818400883036499,1.3333906259010602,0.811959720864006
SKI,ADRA1A,1.0655968549027701,1.80108804542943,1.7280125579546397,2.78965558684367,3.7492942720360296,2.3889489872897998,2.20051095521152,1.9451788263525802,1.2271075514718799,2.47329636042109,1.96310828648933,4.26733006149259
SMM,ADRA1A,0.0240650246457339,0.0252087766243313,0.20011613873865303,0.174394452013649,0.0897467762807076,0.0412942812994136,0.0350849957730403,0.13183653004385198,0.28449304254283897,0.0904457007234525,0.297470395851719,0.150056152316331
SON,ADRA1A,2.57806520792156,0.157706409912578,0.14496409729572501,1.3101541104477,0.432330966337096,0.974580544196626,1.75051587420306,0.43516869691843607,0.36414529146698,0.7385021838492041,0.187669345552873,0.14122909962047198
SPL,ADRA1A,2.06163566140473,1.6285199267991697,1.7137858003130702,1.0151009377170102,1.0386658222785101,1.99988597033973,1.57237617283975,1.87892483016704,1.85183204253937,1.15998280417806,1.38149458433063,2.2936203901587997
STF,ADRA1A,0.157203610798224,0.12994940943994399,0.22661076600315,0.0737082805361943,0.268333177282568,0.0764736494821171,0.16508559436310097,0.284569995190272,0.18011212027954102,0.0903138891034928,0.155423051580903,0.101339646110672
SUN,ADRA1A,0.782201688125155,0.8402244717500259,0.46293682326558894,0.885807925567467,0.51856029615654,0.563137448460749,1.0471853263859001,0.831700905123431,0.9318755726027641,0.6149455298303471,0.551410052197325,1.1011712001646101
TES,ADRA1A,0.0587242222521646,0.20077853162129503,0.10186625855404699,0.0450938793012639,0.17578146110190998,0.0788833568350249,0.123468138635286,0.10717919796453598,0.124637718586364,0.037941096747538,0.17474027572542197,0.0635758839290367
THA,ADRA1A,0.7512734409005369,0.601599116885542,1.38606531274071,0.5007489961549829,0.291696212134114,0.467420918945549,0.598461737090921,0.3792241486970179,0.449875217992313,0.541382582555243,0.27946636172159994,0.84965032202529
THR,ADRA1A,0.135507341281016,0.298418254911139,0.328946696460768,0.113591807686741,0.152511731560037,0.6368804765450079,0.261963055115301,0.539095821955849,1.72741477345016,0.24500358607172798,0.34914951062045096,0.747016320772129
VIC,ADRA1A,1.02345873912541,0.9554248663585021,0.588547677158123,0.7211886832482691,0.518912766462286,0.473742092084262,0.44202771890306103,0.935517110002465,0.6188634117162671,0.8528751333822541,0.499232160441575,0.606139261605641
VMH,ADRA1A,0.8197822461724459,1.52149151324184,0.48900568816827605,0.805580055735707,0.387999979259844,0.858309897582179,0.7509259296773549,0.690233153075131,0.8907424761717572,0.483759152985842,0.44178211088340796,1.23159493088002
WAM,ADRA1A,5.8445632489177095,4.98097088013422,5.61038470194353,3.0455169646859903,5.70204180114685,0.7307750434712841,2.7133398642829705,2.6339112931754,0.882686306824812,3.08327687288225,1.01590820792536,2.13940172916042
WAP,ADRA1A,0.0652869480727918,8.57687470142933,0.417057343079107,0.2801723056458,0.0546672966810346,3.61519703653104,0.113206946689879,0.30939897777944,3.8541041908029996,0.0303718502631374,0.093852599856065,7.140807754888071
WAR,ADRA1A,2.43182937191678,4.2627449169896,3.4309415869941198,2.18876083244858,7.69504313790702,4.24862718017998,4.937060853069,8.76966300636217,1.65077949165795,0.557563135614215,2.05490587080629,6.85937147338308
WAS,ADRA1A,8.81914436565169,3.95447607405866,1.7607218682744,5.15525900393653,11.1500954104967,5.30324592303918,2.2196220115642102,3.94835232823812,3.23822887647523,3.53676271135907,10.502094624656,6.262296191784579
WAT,ADRA1A,8.59001594103988,7.986997490522981,7.664940797903251,6.16881797787529,5.40924226357327,2.8289977554801298,5.25193713267449,3.92684418974594,2.6618300525493397,4.14149429933761,4.63745477595392,5.92562111945872
